"Entity Name","Entity Definition","Entity Note_List","Extended Notes Comment"
Role,"A role is the function of a resource or agent with respect to another resource, in the context of resource attribution or resource relationships.

dcat:Role

",,
Related Resource,"A container element for related resources adding metadata related to a relationship between datasets and its purpose.

The XGov standards have an explanation of this class here: 
https://co-cddo.github.io/ukgov-metadata-exchange-model/relatedResource/

This is analogous to the more general DCAT class, dcat:Relationship

",,
Dataset Series,"A collection of datasets that are published separately, but share some characteristics that group them.

URI: dcat:DatasetSeries

More info here: 

https://www.w3.org/TR/vocab-dcat-3/#dataset-series

""With ""dataset series"" we refer to data, somehow interrelated, that are published separately. An example is budget data split by year and/or country, instead of being made available in a single dataset.

Dataset series are defined in [ISO-19115] as a collection of datasets […] sharing common characteristics. However, their use is not limited to geospatial data, although in other domains they can be named differently (e.g., time series, data slices) and defined more or less strictly (see, e.g., the notion of ""dataset slice"" in [VOCAB-DATA-CUBE]).

The reasons and criteria for grouping datasets into series are manyfold, and they may be related to, e.g., data characteristics, publishing process, and how they are typically used. For instance, data huge in size (as geospatial ones) are more easily handled (by data providers as well as data consumers) by splitting them into smaller ones. Another example is data released on a yearly basis, which are typically published as separate datasets, instead of appending the new data to the first in the series.

As there are no common rules and criteria across domains to decide when dataset series should be created and how they should be organized, DCAT does not prescribe any specific approach, and refer for guidance and domain- and community practices. The purpose of this section is limited to providing guidance on how dataset series can be specified in DCAT.""",,
Distribution,"A specific representation of a dataset. A dataset might be available in multiple serializations that may differ in various ways, including natural language, media-type or format, schematic organization, temporal and spatial resolution, level of detail or profiles (which might specify any or all of the above).

URI: dcat:distribution",,
Dataset-Data Service Access,Decribes the connection between a resource and a data service which serves it. ,,
Dataset,"A collection of data (or information), published or curated by a single agent, and available for access or download in one or more representations.

URI: dcat:Dataset",,
Agent,"An agent is something that bears some form of responsibility for an activity taking place, for the existence of an entity, or for another agent's activity.

prov:Agent",,
Attribution,"Attribution is the ascribing of an entity to an agent. When an entity e is attributed to agent ag, entity e was generated by some unspecified activity that in turn was associated to agent ag. Thus, this relation is useful when the activity is not known, or irrelevant.

prov:Attribution",,
Data Service,"A collection of operations that provides access to one or more datasets or data processing functions.

URI: dcat:DataService

https://co-cddo.github.io/ukgov-metadata-exchange-model/DataService/

[Mandy describes it like this:

Data Service is a metadata entity describing a logical access endpoint (such as an API, data platform namespace, or object store root) through which Dataset Resources can be accessed. It provides stable service-level metadata including endpoint URL, protocol, authentication, description, and platform details. DatasetResources link to Data Services via an associative table that records dataset-specific logical locations.]",,
Checksum,"A Checksum is a value that allows to check the integrity of the contents of a file. Even small changes to the content of the file will change its checksum. This class allows the results of a variety of checksum and cryptographic message digest algorithms to be represented [SPDX].

spdx:Checksum",,
Resource,"Resource published or curated by a single agent.

dcat:Resource

The class of all cataloged resources, the super-class of dcat:Dataset, dcat:DataService, dcat:Catalog and any other member of a dcat:Catalog.

This class carries properties common to all cataloged resources, including datasets and data services.

The instances of this class SHOULD be included in a catalog.

When describing a resource which is not a dcat:Dataset or dcat:DataService, it is recommended to create a suitable sub-class of dcat:Resource, or use dcat:Resource with the dcterms:type property to indicate the specific type.",,
Catalogue Record,"A record in a catalog, describing the registration of a single dcat:Resource.

dcat:CatalogRecord",,
Variable,"DDICDIModels::DDICDILibrary::Classes::Conceptual::RepresentedVariable

Conceptual variable with a substantive value domain specified.

Example: The pair (Number of Employees, Integer), where “Number of Employees” is the characteristic of the population (variable) and “Integer” is how that measure will be represented (value domain).

NOTE: This is NOT actually compliant with either DCAT or DDI-CDI and is included as a tactical measure. The Represented Variable is a DDI-CDI class but is significantly more complicated than explained here (to work as intended it needs to be connected to various other classes not represented here)",,
Literal,"A literal value such as a string or integer; Literals may be typed, e.g. as a date according to xsd:date. Literals that contain human-readable text have an optional language tag as defined by BCP 47 [rfc5646].

DCAT-AP:literal

https://semiceu.github.io/DCAT-AP/releases/3.0.1/#Literal

rdfs:Literal a rdfs:Class ;
	rdfs:isDefinedBy <http://www.w3.org/2000/01/rdf-schema#> ;
	rdfs:label ""Literal"" ;
	rdfs:comment ""The class of literal values, eg. textual strings and integers."" ;
	rdfs:subClassOf rdfs:Resource .",,
Frequency,"A rate at which something recurs, e.g. the publication of a Dataset.

https://semiceu.github.io/DCAT-AP/releases/3.0.1/#Frequency

dcat-ap:frequency

This has been included as datasets have multiple frequencies at different levels that need to be captured. For instance, publication, delivery, ingest etc. ",,
